long,requires
automdl.autochoice,
automdl.autochoicemdl,
automdl.autodefaulttests,
automdl.autofinaltests,
automdl.autoljungboxtest,
automdl.bestfivemdl,
automdl.header,
automdl.unitroottest,
automdl.unitroottestmdl,
check.acf,
check.acfplot,
check.acfsquared,
check.acfsquaredplot,
check.histogram,
check.normalitytest,
check.pacf,
check.pacfplot,
composite.adjcompositeplot,
composite.adjcompositesrs,
composite.calendaradjcomposite,
composite.compositeplot,
composite.compositesrs,
composite.header,
composite.indadjsatot,
composite.indadjustfac,
composite.indadjustmentratio,
composite.indaoutlier,
composite.indcalendar,
composite.indcalendaradjchanges,
composite.indcratio,
composite.indforcefactor,
composite.indftestd8,
composite.indirregular,
composite.indirregularplot,
composite.indlevelshift,
composite.indmcdmovavg,
composite.indmodirr,
composite.indmodoriginal,
composite.indmodsadj,
composite.indmovseasrat,
composite.indqstat,
composite.indreplacsi,
composite.indresidualseasf,
composite.indrevsachanges,
composite.indrndsachanges,
composite.indrobustsa,
composite.indrratio,
composite.indsachanges,
composite.indsadjround,
composite.indseasadj,
composite.indseasadjplot,
composite.indseasonal,
composite.indseasonaldiff,
composite.indseasonalplot,
composite.indtest,
composite.indtotaladjustment,
composite.indtrend,
composite.indtrendchanges,
composite.indtrendplot,
composite.indunmodsi,
composite.indx11diag,
composite.indyrtotals,
composite.origchanges,
composite.origwindsaplot,
composite.outlieradjcomposite,
composite.prioradjcomposite,
composite.ratioplotindsa,
composite.ratioplotorig,
estimate.armacmatrix,
estimate.averagefcsterr,
estimate.estimates,
estimate.iterationerrors,
estimate.iterations,
estimate.lformulas,
estimate.lkstats,
estimate.model,
estimate.options,
estimate.regcmatrix,
estimate.regressioneffects,
estimate.regressionresiduals,
estimate.residuals,
estimate.roots,
force.forcefactor,
force.revsachanges,
force.rndsachanges,
force.saround,
force.seasadjtot,
forecast.backcasts,
forecast.forecasts,
forecast.transformed,
forecast.transformedbcst,
forecast.variances,
history.chngestimates,"history.estimates = ""sadjchng"""
history.chngrevisions,"history.estimates = ""sadjchng"""
history.chngsummary,
history.fcsterrors,
history.fcsthistory,
history.header,
history.indsaestimates,
history.indsarevisions,
history.indsasummary,
history.lkhdhistory,
history.outlierhistory,
history.saestimates,"history.estimates = ""sadj"""
history.sarevisions,"history.estimates = ""sadj"""
history.sasummary,
history.seatsmdlhistory,
history.sfestimates,"history.estimates = ""seasonal"""
history.sfilterhistory,"history.estimates = ""seasonal"""
history.sfrevisions,
history.sfsummary,
history.trendchngestimates,"history.estimates = ""trendchng"""
history.trendchngrevisions,"history.estimates = ""trendchng"""
history.trendchngsummary,
history.trendestimates,"history.estimates = ""trend"""
history.trendrevisions,"history.estimates = ""trend"""
history.trendsummary,
identify.acf,
identify.acfplot,
identify.pacf,
identify.pacfplot,
identify.regcoefficients,
outlier.finaltests,
outlier.header,
outlier.iterations,
outlier.temporaryls,
outlier.tests,
pickmdl.header,
pickmdl.pickmdlchoice,
pickmdl.usermodels,
regression.aictest,
regression.aoutlier,
regression.chi2test,
regression.dailyweights,
regression.holiday,
regression.levelshift,
regression.outlier,
regression.regressionmatrix,
regression.regseasonal,
regression.seasonaloutlier,
regression.temporarychange,
regression.tradingday,
regression.transitory,
regression.userdef,
seats.adjustfac,
seats.adjustmentratio,
seats.cycle,
seats.diffseasonaladj,
seats.difftrend,
seats.irregular,
seats.longtermtrend,
seats.seasadjconst,
seats.seasonal,
seats.seasonaladj,
seats.seasonaladjfcstdecomp,
seats.seasonalfcstdecomp,
seats.seasonalsum,
seats.seriesfcstdecomp,
seats.totaladjustment,
seats.transitory,
seats.transitoryfcstdecomp,
seats.trend,
seats.trendconst,
seats.trendfcstdecomp,
series.adjoriginal,
series.adjorigplot,
series.calendaradjorig,
series.header,
series.outlieradjorig,
series.savefile,
series.seriesmvadj,
series.seriesplot,
series.span,
series.specfile,
seats.componentmodels,
seats.filtersaconc,
seats.filtersasym,
seats.filtertrendconc,
seats.filtertrendsym,
seats.squaredgainsaconc,
seats.squaredgainsasym,
seats.squaredgaintrendconc,
seats.squaredgaintrendsym,
seats.timeshiftsaconc,
seats.timeshifttrendconc,
seats.wkendfilter,
slidingspans.chngspans,
slidingspans.factormeans,
slidingspans.header,
slidingspans.indchngspans,
slidingspans.indfactormeans,
slidingspans.indpercent,
slidingspans.indsaspans,
slidingspans.indsfspans,
slidingspans.indsummary,
slidingspans.indychngspans,
slidingspans.indyypercent,
slidingspans.indyysummary,
slidingspans.percent,
slidingspans.saspans,
slidingspans.sfspans,
slidingspans.ssftest,
slidingspans.summary,
slidingspans.tdspans,
slidingspans.ychngspans,
slidingspans.yypercent,
slidingspans.yysummary,
spectrum.qs,
spectrum.speccomposite,
spectrum.specindirr,
spectrum.specindsa,
spectrum.specirr,
spectrum.specorig,
spectrum.specresidual,
spectrum.specsa,
spectrum.specseatsextresiduals,
spectrum.specseatsirr,
spectrum.specseatssa,
transform.aictransform,
transform.permprior,
transform.permprioradjusted,
transform.permprioradjustedptd,
transform.prior,
transform.prioradjusted,
transform.prioradjustedptd,
transform.seriesconstant,
transform.seriesconstantplot,
transform.tempprior,
transform.transformed,
x11.adjoriginalc,
x11.adjoriginald,
x11.adjustdiff,
x11.adjustfac,
x11.adjustmentratio,
x11.autosf,
x11.biasfactor,
x11.calendar,
x11.calendaradjchanges,
x11.combholiday,
x11.extreme,
x11.extremeb,
x11.ftestb1,
x11.ftestd8,
x11.irregular,
x11.irregularadjao,
x11.irregularb,
x11.irregularc,
x11.irregularplot,
x11.irrwt,
x11.irrwtb,
x11.mcdmovavg,
x11.modirregular,
x11.modoriginal,
x11.modseasadj,
x11.modsic4,
x11.modsid4,
x11.movseasrat,
x11.origchanges,
x11.origwsaplot,
x11.qstat,
x11.ratioplotorig,
x11.ratioplotsa,
x11.replacsi,
x11.replacsib4,
x11.replacsib9,
x11.replacsic9,
x11.residualseasf,
x11.robustsa,
x11.sachanges,
x11.seasadj,
x11.seasadjb11,
x11.seasadjb6,
x11.seasadjc11,
x11.seasadjc6,
x11.seasadjconst,
x11.seasadjd6,
x11.seasadjplot,
x11.seasonal,
x11.seasonaladjregsea,
x11.seasonalb10,
x11.seasonalb5,
x11.seasonalc10,
x11.seasonalc5,
x11.seasonald5,
x11.seasonaldi_,
x11.seasonalplot,
x11.sib3,
x11.sib8,
x11.tdadjorig,
x11.tdadjorigb,
x11.tdaytype,
x11.totaladjustment,
x11.trend,
x11.trendadjls,
x11.trendb2,
x11.trendb7,
x11.trendc2,
x11.trendc7,
x11.trendchanges,
x11.trendconst,
x11.trendd2,
x11.trendd7,
x11.trendplot,
x11.unmodsi,
x11.unmodsiox,
x11.x11diag,
x11.yrtotals,
x11regression.calendar,
x11regression.calendarb,
x11regression.combcalendar,
x11regression.combcalendarb,
x11regression.combtradingday,
x11regression.combtradingdayb,
x11regression.extremeval,
x11regression.extremevalb,
x11regression.holiday,
x11regression.holidayb,
x11regression.outlierfinaltests,
x11regression.outlierhdr,
x11regression.outlieriter,
x11regression.outliertests,
x11regression.priortd,
x11regression.tradingday,
x11regression.tradingdayb,
x11regression.x11reg,
x11regression.x11regb,
x11regression.xaictest,
x11regression.xregressioncmatrix,
x11regression.xregressionmatrix,
